file	start_line	end_line	commit
app/backend/Dockerfile	10	12	187be5d9ddd6bd03b0d1cbf8904ee6e2e1d7ec6d
app/backend/Dockerfile	19	20	187be5d9ddd6bd03b0d1cbf8904ee6e2e1d7ec6d
app/backend/Dockerfile	22	22	187be5d9ddd6bd03b0d1cbf8904ee6e2e1d7ec6d
app/backend/Dockerfile	24	24	187be5d9ddd6bd03b0d1cbf8904ee6e2e1d7ec6d
app/backend/api/openapi.yaml	4	5	f7289e523da7383e87ee22a96fe02b62451a60da
app/backend/api/openapi.yaml	8	8	f7289e523da7383e87ee22a96fe02b62451a60da
app/backend/api/openapi.yaml	10	10	f7289e523da7383e87ee22a96fe02b62451a60da
app/backend/api/openapi.yaml	12	14	f7289e523da7383e87ee22a96fe02b62451a60da
app/backend/api/openapi.yaml	16	39	f7289e523da7383e87ee22a96fe02b62451a60da
app/backend/api/openapi.yaml	49	49	f7289e523da7383e87ee22a96fe02b62451a60da
app/backend/api/openapi.yaml	52	52	f7289e523da7383e87ee22a96fe02b62451a60da
app/backend/api/openapi.yaml	60	60	f7289e523da7383e87ee22a96fe02b62451a60da
app/backend/api/openapi.yaml	70	70	f7289e523da7383e87ee22a96fe02b62451a60da
app/backend/api/openapi.yaml	73	73	f7289e523da7383e87ee22a96fe02b62451a60da
app/backend/api/openapi.yaml	81	81	f7289e523da7383e87ee22a96fe02b62451a60da
app/backend/api/openapi.yaml	85	85	f7289e523da7383e87ee22a96fe02b62451a60da
app/backend/api/openapi.yaml	88	98	f7289e523da7383e87ee22a96fe02b62451a60da
app/backend/api/openapi.yaml	102	102	f7289e523da7383e87ee22a96fe02b62451a60da
app/backend/api/openapi.yaml	104	104	f7289e523da7383e87ee22a96fe02b62451a60da
app/backend/api/openapi.yaml	106	113	f7289e523da7383e87ee22a96fe02b62451a60da
app/backend/api/openapi.yaml	120	120	f7289e523da7383e87ee22a96fe02b62451a60da
app/backend/api/openapi.yaml	125	126	f7289e523da7383e87ee22a96fe02b62451a60da
app/backend/api/openapi.yaml	131	131	f7289e523da7383e87ee22a96fe02b62451a60da
app/backend/api/openapi.yaml	135	139	f7289e523da7383e87ee22a96fe02b62451a60da
app/backend/api/openapi.yaml	142	143	f7289e523da7383e87ee22a96fe02b62451a60da
app/backend/api/openapi.yaml	145	145	f7289e523da7383e87ee22a96fe02b62451a60da
app/backend/api/openapi.yaml	149	149	f7289e523da7383e87ee22a96fe02b62451a60da
app/backend/api/openapi.yaml	156	156	f7289e523da7383e87ee22a96fe02b62451a60da
app/backend/api/openapi.yaml	159	183	65d4a25841e6a197b6195594a0e03c45c6926c9f
app/backend/api/openapi.yaml	184	207	f7289e523da7383e87ee22a96fe02b62451a60da
app/backend/api/openapi.yaml	210	210	f7289e523da7383e87ee22a96fe02b62451a60da
app/backend/api/openapi.yaml	212	212	f7289e523da7383e87ee22a96fe02b62451a60da
app/backend/api/openapi.yaml	220	220	f7289e523da7383e87ee22a96fe02b62451a60da
app/backend/api/openapi.yaml	224	224	f7289e523da7383e87ee22a96fe02b62451a60da
app/backend/api/openapi.yaml	226	226	f7289e523da7383e87ee22a96fe02b62451a60da
app/backend/api/openapi.yaml	227	253	f9648cc09ec0cdc0da2a1122115d1fe2eb408296
app/backend/api/openapi.yaml	254	269	f7289e523da7383e87ee22a96fe02b62451a60da
app/backend/api/openapi.yaml	273	275	f7289e523da7383e87ee22a96fe02b62451a60da
app/backend/api/openapi.yaml	277	287	f7289e523da7383e87ee22a96fe02b62451a60da
app/backend/api/openapi.yaml	291	292	f7289e523da7383e87ee22a96fe02b62451a60da
app/backend/api/openapi.yaml	294	295	f7289e523da7383e87ee22a96fe02b62451a60da
app/backend/api/openapi.yaml	298	298	f7289e523da7383e87ee22a96fe02b62451a60da
app/backend/api/openapi.yaml	301	301	f7289e523da7383e87ee22a96fe02b62451a60da
app/backend/api/openapi.yaml	305	315	f7289e523da7383e87ee22a96fe02b62451a60da
app/backend/api/openapi.yaml	319	369	f7289e523da7383e87ee22a96fe02b62451a60da
app/backend/api/openapi.yaml	370	374	d23d28107467650bc69ab815eb86204b2eb4bf1e
app/backend/api/openapi.yaml	376	387	d23d28107467650bc69ab815eb86204b2eb4bf1e
app/backend/api/openapi.yaml	405	424	f7289e523da7383e87ee22a96fe02b62451a60da
app/backend/api/openapi.yaml	431	431	f7289e523da7383e87ee22a96fe02b62451a60da
app/backend/api/openapi.yaml	433	436	f7289e523da7383e87ee22a96fe02b62451a60da
app/backend/api/openapi.yaml	439	439	f7289e523da7383e87ee22a96fe02b62451a60da
app/backend/api/openapi.yaml	445	445	f7289e523da7383e87ee22a96fe02b62451a60da
app/backend/api/openapi.yaml	450	451	f7289e523da7383e87ee22a96fe02b62451a60da
app/backend/api/openapi.yaml	456	457	f7289e523da7383e87ee22a96fe02b62451a60da
app/backend/api/openapi.yaml	463	463	f7289e523da7383e87ee22a96fe02b62451a60da
app/backend/api/openapi.yaml	468	468	f7289e523da7383e87ee22a96fe02b62451a60da
app/backend/api/openapi.yaml	470	482	f7289e523da7383e87ee22a96fe02b62451a60da
app/backend/api/openapi.yaml	485	485	f7289e523da7383e87ee22a96fe02b62451a60da
app/backend/api/openapi.yaml	496	496	f7289e523da7383e87ee22a96fe02b62451a60da
app/backend/api/openapi.yaml	506	506	f7289e523da7383e87ee22a96fe02b62451a60da
app/backend/api/openapi.yaml	512	518	f7289e523da7383e87ee22a96fe02b62451a60da
app/backend/api/openapi.yaml	520	520	f7289e523da7383e87ee22a96fe02b62451a60da
app/backend/api/openapi.yaml	522	530	f7289e523da7383e87ee22a96fe02b62451a60da
app/backend/api/openapi.yaml	532	540	f7289e523da7383e87ee22a96fe02b62451a60da
app/backend/api/openapi.yaml	542	542	f7289e523da7383e87ee22a96fe02b62451a60da
app/backend/api/openapi.yaml	544	555	f7289e523da7383e87ee22a96fe02b62451a60da
app/backend/api/openapi.yaml	557	557	f7289e523da7383e87ee22a96fe02b62451a60da
app/backend/api/openapi.yaml	564	566	65d4a25841e6a197b6195594a0e03c45c6926c9f
app/backend/api/openapi.yaml	571	571	f7289e523da7383e87ee22a96fe02b62451a60da
app/backend/api/openapi.yaml	574	586	f7289e523da7383e87ee22a96fe02b62451a60da
app/backend/api/openapi.yaml	587	597	65d4a25841e6a197b6195594a0e03c45c6926c9f
app/backend/api/openapi.yaml	598	601	f7289e523da7383e87ee22a96fe02b62451a60da
app/backend/api/openapi.yaml	603	603	f7289e523da7383e87ee22a96fe02b62451a60da
app/backend/api/openapi.yaml	608	608	f7289e523da7383e87ee22a96fe02b62451a60da
app/backend/api/openapi.yaml	610	621	f7289e523da7383e87ee22a96fe02b62451a60da
app/backend/api/openapi.yaml	623	623	f7289e523da7383e87ee22a96fe02b62451a60da
app/backend/api/openapi.yaml	625	628	f7289e523da7383e87ee22a96fe02b62451a60da
app/backend/api/openapi.yaml	630	630	f7289e523da7383e87ee22a96fe02b62451a60da
app/backend/api/openapi.yaml	632	633	f7289e523da7383e87ee22a96fe02b62451a60da
app/backend/api/openapi.yaml	635	640	f7289e523da7383e87ee22a96fe02b62451a60da
app/backend/api/openapi.yaml	641	656	f9648cc09ec0cdc0da2a1122115d1fe2eb408296
app/backend/api/openapi.yaml	657	671	f7289e523da7383e87ee22a96fe02b62451a60da
app/backend/api/openapi.yaml	674	677	f7289e523da7383e87ee22a96fe02b62451a60da
app/backend/api/openapi.yaml	679	680	f7289e523da7383e87ee22a96fe02b62451a60da
app/backend/api/openapi.yaml	682	690	f7289e523da7383e87ee22a96fe02b62451a60da
app/backend/api/openapi.yaml	692	692	f7289e523da7383e87ee22a96fe02b62451a60da
app/backend/api/openapi.yaml	694	703	f7289e523da7383e87ee22a96fe02b62451a60da
app/backend/api/openapi.yaml	705	705	f7289e523da7383e87ee22a96fe02b62451a60da
app/backend/api/openapi.yaml	707	707	f7289e523da7383e87ee22a96fe02b62451a60da
app/backend/api/openapi.yaml	709	709	f7289e523da7383e87ee22a96fe02b62451a60da
app/backend/api/openapi.yaml	711	711	f7289e523da7383e87ee22a96fe02b62451a60da
app/backend/api/openapi.yaml	713	713	f7289e523da7383e87ee22a96fe02b62451a60da
app/backend/api/openapi.yaml	715	723	f7289e523da7383e87ee22a96fe02b62451a60da
app/backend/api/openapi.yaml	725	725	f7289e523da7383e87ee22a96fe02b62451a60da
app/backend/api/openapi.yaml	727	735	f7289e523da7383e87ee22a96fe02b62451a60da
app/backend/api/openapi.yaml	737	737	f7289e523da7383e87ee22a96fe02b62451a60da
app/backend/api/openapi.yaml	739	739	f7289e523da7383e87ee22a96fe02b62451a60da
app/backend/api/openapi.yaml	741	745	f7289e523da7383e87ee22a96fe02b62451a60da
app/backend/api/openapi.yaml	747	747	f7289e523da7383e87ee22a96fe02b62451a60da
app/backend/api/openapi.yaml	749	766	f7289e523da7383e87ee22a96fe02b62451a60da
app/backend/api/openapi.yaml	773	773	f7289e523da7383e87ee22a96fe02b62451a60da
app/backend/api/openapi.yaml	775	775	f7289e523da7383e87ee22a96fe02b62451a60da
app/backend/api/openapi.yaml	777	777	f7289e523da7383e87ee22a96fe02b62451a60da
app/backend/api/openapi.yaml	779	779	f7289e523da7383e87ee22a96fe02b62451a60da
app/backend/api/openapi.yaml	781	781	f7289e523da7383e87ee22a96fe02b62451a60da
app/backend/api/openapi.yaml	783	783	f7289e523da7383e87ee22a96fe02b62451a60da
app/backend/api/openapi.yaml	787	797	f7289e523da7383e87ee22a96fe02b62451a60da
app/backend/api/openapi.yaml	800	800	f7289e523da7383e87ee22a96fe02b62451a60da
app/backend/api/openapi.yaml	802	802	f7289e523da7383e87ee22a96fe02b62451a60da
app/backend/api/openapi.yaml	804	817	f7289e523da7383e87ee22a96fe02b62451a60da
app/backend/api/openapi.yaml	819	819	f7289e523da7383e87ee22a96fe02b62451a60da
app/backend/api/openapi.yaml	821	821	f7289e523da7383e87ee22a96fe02b62451a60da
app/backend/api/openapi.yaml	823	830	f7289e523da7383e87ee22a96fe02b62451a60da
app/backend/api/openapi.yaml	832	832	f7289e523da7383e87ee22a96fe02b62451a60da
app/backend/api/openapi.yaml	834	847	f7289e523da7383e87ee22a96fe02b62451a60da
app/backend/api/openapi.yaml	848	873	d23d28107467650bc69ab815eb86204b2eb4bf1e
app/backend/api/openapi_test.go	58	58	f7289e523da7383e87ee22a96fe02b62451a60da
app/backend/api/openapi_test.go	71	71	f7289e523da7383e87ee22a96fe02b62451a60da
app/backend/api/openapi_test.go	72	72	65d4a25841e6a197b6195594a0e03c45c6926c9f
app/backend/api/openapi_test.go	73	74	f7289e523da7383e87ee22a96fe02b62451a60da
app/backend/api/openapi_test.go	75	75	f9648cc09ec0cdc0da2a1122115d1fe2eb408296
app/backend/api/openapi_test.go	76	81	f7289e523da7383e87ee22a96fe02b62451a60da
app/backend/api/openapi_test.go	82	82	d23d28107467650bc69ab815eb86204b2eb4bf1e
app/backend/api/openapi_test.go	84	84	f7289e523da7383e87ee22a96fe02b62451a60da
app/backend/api/openapi_test.go	97	98	f7289e523da7383e87ee22a96fe02b62451a60da
app/backend/api/openapi_test.go	102	102	f7289e523da7383e87ee22a96fe02b62451a60da
app/backend/api/openapi_test.go	103	103	65d4a25841e6a197b6195594a0e03c45c6926c9f
app/backend/api/openapi_test.go	104	104	f7289e523da7383e87ee22a96fe02b62451a60da
app/backend/api/openapi_test.go	105	105	f9648cc09ec0cdc0da2a1122115d1fe2eb408296
app/backend/api/openapi_test.go	106	106	f7289e523da7383e87ee22a96fe02b62451a60da
app/backend/api/proto/avitosha/v1/services.proto	1	122	187be5d9ddd6bd03b0d1cbf8904ee6e2e1d7ec6d
app/backend/buf.gen.yaml	1	10	187be5d9ddd6bd03b0d1cbf8904ee6e2e1d7ec6d
app/backend/buf.yaml	1	15	187be5d9ddd6bd03b0d1cbf8904ee6e2e1d7ec6d
app/backend/cmd/api/main.go	14	14	187be5d9ddd6bd03b0d1cbf8904ee6e2e1d7ec6d
app/backend/cmd/api/main.go	24	24	187be5d9ddd6bd03b0d1cbf8904ee6e2e1d7ec6d
app/backend/cmd/auth/main.go	1	29	187be5d9ddd6bd03b0d1cbf8904ee6e2e1d7ec6d
app/backend/cmd/game/main.go	1	29	187be5d9ddd6bd03b0d1cbf8904ee6e2e1d7ec6d
app/backend/go.mod	10	10	187be5d9ddd6bd03b0d1cbf8904ee6e2e1d7ec6d
app/backend/go.mod	13	15	187be5d9ddd6bd03b0d1cbf8904ee6e2e1d7ec6d
app/backend/go.mod	31	35	187be5d9ddd6bd03b0d1cbf8904ee6e2e1d7ec6d
app/backend/go.sum	8	11	187be5d9ddd6bd03b0d1cbf8904ee6e2e1d7ec6d
app/backend/go.sum	20	23	187be5d9ddd6bd03b0d1cbf8904ee6e2e1d7ec6d
app/backend/go.sum	26	27	409b9027fc4c00ff3c83c7421505903c7d6bd39d
app/backend/go.sum	67	80	187be5d9ddd6bd03b0d1cbf8904ee6e2e1d7ec6d
app/backend/go.sum	82	85	187be5d9ddd6bd03b0d1cbf8904ee6e2e1d7ec6d
app/backend/go.sum	88	89	187be5d9ddd6bd03b0d1cbf8904ee6e2e1d7ec6d
app/backend/go.sum	92	93	187be5d9ddd6bd03b0d1cbf8904ee6e2e1d7ec6d
app/backend/go.sum	95	102	187be5d9ddd6bd03b0d1cbf8904ee6e2e1d7ec6d
app/backend/internal/ai/proxyapi.go	1	149	f9648cc09ec0cdc0da2a1122115d1fe2eb408296
app/backend/internal/ai/proxyapi_test.go	1	65	f9648cc09ec0cdc0da2a1122115d1fe2eb408296
app/backend/internal/app/app.go	15	15	f9648cc09ec0cdc0da2a1122115d1fe2eb408296
app/backend/internal/app/app.go	19	19	409b9027fc4c00ff3c83c7421505903c7d6bd39d
app/backend/internal/app/app.go	67	71	f9648cc09ec0cdc0da2a1122115d1fe2eb408296
app/backend/internal/app/app.go	118	121	bac31e8f8d82692ca7532b997f2192e34e571f25
app/backend/internal/app/app.go	122	122	f9648cc09ec0cdc0da2a1122115d1fe2eb408296
app/backend/internal/app/app.go	123	125	bac31e8f8d82692ca7532b997f2192e34e571f25
app/backend/internal/app/app.go	126	136	f9648cc09ec0cdc0da2a1122115d1fe2eb408296
app/backend/internal/app/app.go	137	137	bac31e8f8d82692ca7532b997f2192e34e571f25
app/backend/internal/app/game_wiring_test.go	1	16	bac31e8f8d82692ca7532b997f2192e34e571f25
app/backend/internal/app/game_wiring_test.go	17	17	f9648cc09ec0cdc0da2a1122115d1fe2eb408296
app/backend/internal/app/game_wiring_test.go	18	22	bac31e8f8d82692ca7532b997f2192e34e571f25
app/backend/internal/app/microservices.go	1	254	187be5d9ddd6bd03b0d1cbf8904ee6e2e1d7ec6d
app/backend/internal/client/grpc/authclient/client.go	1	113	187be5d9ddd6bd03b0d1cbf8904ee6e2e1d7ec6d
app/backend/internal/client/grpc/gameclient/client.go	1	158	187be5d9ddd6bd03b0d1cbf8904ee6e2e1d7ec6d
app/backend/internal/config/config.go	25	27	f9648cc09ec0cdc0da2a1122115d1fe2eb408296
app/backend/internal/config/config.go	45	48	f9648cc09ec0cdc0da2a1122115d1fe2eb408296
app/backend/internal/config/config.go	49	51	187be5d9ddd6bd03b0d1cbf8904ee6e2e1d7ec6d
app/backend/internal/config/config.go	58	69	187be5d9ddd6bd03b0d1cbf8904ee6e2e1d7ec6d
app/backend/internal/config/config.go	71	74	187be5d9ddd6bd03b0d1cbf8904ee6e2e1d7ec6d
app/backend/internal/config/config.go	90	93	f9648cc09ec0cdc0da2a1122115d1fe2eb408296
app/backend/internal/config/config.go	94	96	187be5d9ddd6bd03b0d1cbf8904ee6e2e1d7ec6d
app/backend/internal/config/config.go	120	126	f9648cc09ec0cdc0da2a1122115d1fe2eb408296
app/backend/internal/config/config.go	128	128	187be5d9ddd6bd03b0d1cbf8904ee6e2e1d7ec6d
app/backend/internal/config/config.go	135	211	187be5d9ddd6bd03b0d1cbf8904ee6e2e1d7ec6d
app/backend/internal/config/config.go	253	261	f9648cc09ec0cdc0da2a1122115d1fe2eb408296
app/backend/internal/config/config.go	262	264	187be5d9ddd6bd03b0d1cbf8904ee6e2e1d7ec6d
app/backend/internal/config/config_test.go	24	27	f9648cc09ec0cdc0da2a1122115d1fe2eb408296
app/backend/internal/config/config_test.go	56	61	f9648cc09ec0cdc0da2a1122115d1fe2eb408296
app/backend/internal/config/config_test.go	94	111	f9648cc09ec0cdc0da2a1122115d1fe2eb408296
app/backend/internal/config/config_test.go	240	282	187be5d9ddd6bd03b0d1cbf8904ee6e2e1d7ec6d
app/backend/internal/gen/avitosha/v1/services.pb.go	1	1731	187be5d9ddd6bd03b0d1cbf8904ee6e2e1d7ec6d
app/backend/internal/gen/avitosha/v1/services_grpc.pb.go	1	913	187be5d9ddd6bd03b0d1cbf8904ee6e2e1d7ec6d
app/backend/internal/handler/game.go	1	24	bac31e8f8d82692ca7532b997f2192e34e571f25
app/backend/internal/handler/game.go	25	25	65d4a25841e6a197b6195594a0e03c45c6926c9f
app/backend/internal/handler/game.go	26	27	bac31e8f8d82692ca7532b997f2192e34e571f25
app/backend/internal/handler/game.go	28	28	f9648cc09ec0cdc0da2a1122115d1fe2eb408296
app/backend/internal/handler/game.go	29	30	bac31e8f8d82692ca7532b997f2192e34e571f25
app/backend/internal/handler/game.go	31	33	03c85d46451f81897e7cefa056c1838ed91b3d4d
app/backend/internal/handler/game.go	34	34	d23d28107467650bc69ab815eb86204b2eb4bf1e
app/backend/internal/handler/game.go	36	67	bac31e8f8d82692ca7532b997f2192e34e571f25
app/backend/internal/handler/game.go	68	85	65d4a25841e6a197b6195594a0e03c45c6926c9f
app/backend/internal/handler/game.go	86	116	bac31e8f8d82692ca7532b997f2192e34e571f25
app/backend/internal/handler/game.go	117	134	f9648cc09ec0cdc0da2a1122115d1fe2eb408296
app/backend/internal/handler/game.go	135	182	bac31e8f8d82692ca7532b997f2192e34e571f25
app/backend/internal/handler/game.go	183	230	03c85d46451f81897e7cefa056c1838ed91b3d4d
app/backend/internal/handler/game.go	231	243	d23d28107467650bc69ab815eb86204b2eb4bf1e
app/backend/internal/handler/game.go	257	276	bac31e8f8d82692ca7532b997f2192e34e571f25
app/backend/internal/handler/game.go	277	280	65d4a25841e6a197b6195594a0e03c45c6926c9f
app/backend/internal/handler/game.go	281	302	bac31e8f8d82692ca7532b997f2192e34e571f25
app/backend/internal/handler/game.go	303	319	65d4a25841e6a197b6195594a0e03c45c6926c9f
app/backend/internal/handler/game.go	320	355	bac31e8f8d82692ca7532b997f2192e34e571f25
app/backend/internal/handler/game_dto.go	1	3	bac31e8f8d82692ca7532b997f2192e34e571f25
app/backend/internal/handler/game_dto.go	4	4	66d47d27cba1a9c5dd36a19cfc8d68926e854076
app/backend/internal/handler/game_dto.go	5	15	bac31e8f8d82692ca7532b997f2192e34e571f25
app/backend/internal/handler/game_dto.go	16	35	03c85d46451f81897e7cefa056c1838ed91b3d4d
app/backend/internal/handler/game_dto.go	36	50	bac31e8f8d82692ca7532b997f2192e34e571f25
app/backend/internal/handler/game_dto.go	51	56	03c85d46451f81897e7cefa056c1838ed91b3d4d
app/backend/internal/handler/game_dto.go	57	106	bac31e8f8d82692ca7532b997f2192e34e571f25
app/backend/internal/handler/game_dto.go	107	118	f9648cc09ec0cdc0da2a1122115d1fe2eb408296
app/backend/internal/handler/game_dto.go	119	121	bac31e8f8d82692ca7532b997f2192e34e571f25
app/backend/internal/handler/game_dto.go	122	122	66d47d27cba1a9c5dd36a19cfc8d68926e854076
app/backend/internal/handler/game_dto.go	123	125	bac31e8f8d82692ca7532b997f2192e34e571f25
app/backend/internal/handler/game_dto.go	126	126	66d47d27cba1a9c5dd36a19cfc8d68926e854076
app/backend/internal/handler/game_dto.go	127	132	bac31e8f8d82692ca7532b997f2192e34e571f25
app/backend/internal/handler/game_dto.go	133	168	66d47d27cba1a9c5dd36a19cfc8d68926e854076
app/backend/internal/handler/game_dto.go	169	189	bac31e8f8d82692ca7532b997f2192e34e571f25
app/backend/internal/handler/game_dto.go	190	190	1b83af6988298cc321e44543a53ec1bd11261ce4
app/backend/internal/handler/game_dto.go	191	196	bac31e8f8d82692ca7532b997f2192e34e571f25
app/backend/internal/handler/game_dto.go	197	200	1b83af6988298cc321e44543a53ec1bd11261ce4
app/backend/internal/handler/game_dto.go	201	205	bac31e8f8d82692ca7532b997f2192e34e571f25
app/backend/internal/handler/game_dto.go	206	206	1b83af6988298cc321e44543a53ec1bd11261ce4
app/backend/internal/handler/game_dto.go	207	244	bac31e8f8d82692ca7532b997f2192e34e571f25
app/backend/internal/handler/game_dto.go	245	258	03c85d46451f81897e7cefa056c1838ed91b3d4d
app/backend/internal/handler/game_dto.go	260	272	03c85d46451f81897e7cefa056c1838ed91b3d4d
app/backend/internal/handler/game_dto.go	274	276	03c85d46451f81897e7cefa056c1838ed91b3d4d
app/backend/internal/handler/game_dto.go	369	414	03c85d46451f81897e7cefa056c1838ed91b3d4d
app/backend/internal/handler/game_dto.go	415	436	d23d28107467650bc69ab815eb86204b2eb4bf1e
app/backend/internal/handler/game_dto.go	494	504	03c85d46451f81897e7cefa056c1838ed91b3d4d
app/backend/internal/handler/game_dto_benchmark_test.go	1	57	66d47d27cba1a9c5dd36a19cfc8d68926e854076
app/backend/internal/handler/game_dto_test.go	1	68	66d47d27cba1a9c5dd36a19cfc8d68926e854076
app/backend/internal/handler/game_identity.go	1	4	bac31e8f8d82692ca7532b997f2192e34e571f25
app/backend/internal/handler/game_identity.go	6	11	bac31e8f8d82692ca7532b997f2192e34e571f25
app/backend/internal/handler/game_identity.go	14	17	bac31e8f8d82692ca7532b997f2192e34e571f25
app/backend/internal/handler/game_identity.go	19	40	bac31e8f8d82692ca7532b997f2192e34e571f25
app/backend/internal/handler/game_identity.go	42	44	bac31e8f8d82692ca7532b997f2192e34e571f25
app/backend/internal/handler/game_identity.go	46	46	bac31e8f8d82692ca7532b997f2192e34e571f25
app/backend/internal/handler/game_identity.go	57	70	bac31e8f8d82692ca7532b997f2192e34e571f25
app/backend/internal/handler/game_test.go	1	20	bac31e8f8d82692ca7532b997f2192e34e571f25
app/backend/internal/handler/game_test.go	21	24	d23d28107467650bc69ab815eb86204b2eb4bf1e
app/backend/internal/handler/game_test.go	25	25	f9648cc09ec0cdc0da2a1122115d1fe2eb408296
app/backend/internal/handler/game_test.go	26	31	d23d28107467650bc69ab815eb86204b2eb4bf1e
app/backend/internal/handler/game_test.go	33	33	d23d28107467650bc69ab815eb86204b2eb4bf1e
app/backend/internal/handler/game_test.go	34	39	bac31e8f8d82692ca7532b997f2192e34e571f25
app/backend/internal/handler/game_test.go	40	43	65d4a25841e6a197b6195594a0e03c45c6926c9f
app/backend/internal/handler/game_test.go	44	51	bac31e8f8d82692ca7532b997f2192e34e571f25
app/backend/internal/handler/game_test.go	52	55	f9648cc09ec0cdc0da2a1122115d1fe2eb408296
app/backend/internal/handler/game_test.go	56	63	bac31e8f8d82692ca7532b997f2192e34e571f25
app/backend/internal/handler/game_test.go	64	75	03c85d46451f81897e7cefa056c1838ed91b3d4d
app/backend/internal/handler/game_test.go	76	79	d23d28107467650bc69ab815eb86204b2eb4bf1e
app/backend/internal/handler/game_test.go	84	94	bac31e8f8d82692ca7532b997f2192e34e571f25
app/backend/internal/handler/game_test.go	95	95	65d4a25841e6a197b6195594a0e03c45c6926c9f
app/backend/internal/handler/game_test.go	96	96	bac31e8f8d82692ca7532b997f2192e34e571f25
app/backend/internal/handler/game_test.go	97	97	f9648cc09ec0cdc0da2a1122115d1fe2eb408296
app/backend/internal/handler/game_test.go	98	100	bac31e8f8d82692ca7532b997f2192e34e571f25
app/backend/internal/handler/game_test.go	101	103	03c85d46451f81897e7cefa056c1838ed91b3d4d
app/backend/internal/handler/game_test.go	104	104	d23d28107467650bc69ab815eb86204b2eb4bf1e
app/backend/internal/handler/game_test.go	106	152	bac31e8f8d82692ca7532b997f2192e34e571f25
app/backend/internal/handler/game_test.go	153	215	65d4a25841e6a197b6195594a0e03c45c6926c9f
app/backend/internal/handler/game_test.go	216	252	bac31e8f8d82692ca7532b997f2192e34e571f25
app/backend/internal/handler/game_test.go	253	281	f9648cc09ec0cdc0da2a1122115d1fe2eb408296
app/backend/internal/handler/game_test.go	282	315	d23d28107467650bc69ab815eb86204b2eb4bf1e
app/backend/internal/handler/game_test.go	358	379	1b83af6988298cc321e44543a53ec1bd11261ce4
app/backend/internal/handler/game_test.go	380	426	bac31e8f8d82692ca7532b997f2192e34e571f25
app/backend/internal/handler/game_test.go	427	435	03c85d46451f81897e7cefa056c1838ed91b3d4d
app/backend/internal/handler/game_test.go	456	499	03c85d46451f81897e7cefa056c1838ed91b3d4d
app/backend/internal/handler/game_test.go	500	504	bac31e8f8d82692ca7532b997f2192e34e571f25
app/backend/internal/handler/game_test.go	505	507	65d4a25841e6a197b6195594a0e03c45c6926c9f
app/backend/internal/handler/game_test.go	508	511	bac31e8f8d82692ca7532b997f2192e34e571f25
app/backend/internal/handler/game_test.go	512	514	f9648cc09ec0cdc0da2a1122115d1fe2eb408296
app/backend/internal/handler/game_test.go	515	521	bac31e8f8d82692ca7532b997f2192e34e571f25
app/backend/internal/handler/game_test.go	522	530	03c85d46451f81897e7cefa056c1838ed91b3d4d
app/backend/internal/handler/game_test.go	531	533	d23d28107467650bc69ab815eb86204b2eb4bf1e
app/backend/internal/handler/game_test.go	537	558	bac31e8f8d82692ca7532b997f2192e34e571f25
app/backend/internal/handler/game_ws.go	1	22	409b9027fc4c00ff3c83c7421505903c7d6bd39d
app/backend/internal/handler/game_ws.go	23	23	187be5d9ddd6bd03b0d1cbf8904ee6e2e1d7ec6d
app/backend/internal/handler/game_ws.go	24	28	409b9027fc4c00ff3c83c7421505903c7d6bd39d
app/backend/internal/handler/game_ws.go	29	29	187be5d9ddd6bd03b0d1cbf8904ee6e2e1d7ec6d
app/backend/internal/handler/game_ws.go	30	63	409b9027fc4c00ff3c83c7421505903c7d6bd39d
app/backend/internal/handler/game_ws.go	64	68	1b83af6988298cc321e44543a53ec1bd11261ce4
app/backend/internal/handler/game_ws.go	69	119	409b9027fc4c00ff3c83c7421505903c7d6bd39d
app/backend/internal/handler/game_ws.go	120	121	66d47d27cba1a9c5dd36a19cfc8d68926e854076
app/backend/internal/handler/game_ws.go	122	129	409b9027fc4c00ff3c83c7421505903c7d6bd39d
app/backend/internal/handler/game_ws_test.go	1	29	409b9027fc4c00ff3c83c7421505903c7d6bd39d
app/backend/internal/handler/game_ws_test.go	30	32	1b83af6988298cc321e44543a53ec1bd11261ce4
app/backend/internal/handler/game_ws_test.go	33	88	409b9027fc4c00ff3c83c7421505903c7d6bd39d
app/backend/internal/handler/game_ws_test.go	89	91	1b83af6988298cc321e44543a53ec1bd11261ce4
app/backend/internal/handler/game_ws_test.go	92	98	409b9027fc4c00ff3c83c7421505903c7d6bd39d
app/backend/internal/handler/middleware.go	4	4	409b9027fc4c00ff3c83c7421505903c7d6bd39d
app/backend/internal/handler/middleware.go	7	7	409b9027fc4c00ff3c83c7421505903c7d6bd39d
app/backend/internal/handler/middleware.go	82	82	bac31e8f8d82692ca7532b997f2192e34e571f25
app/backend/internal/handler/middleware.go	168	175	409b9027fc4c00ff3c83c7421505903c7d6bd39d
app/backend/internal/handler/router.go	12	12	409b9027fc4c00ff3c83c7421505903c7d6bd39d
app/backend/internal/handler/router.go	37	37	187be5d9ddd6bd03b0d1cbf8904ee6e2e1d7ec6d
app/backend/internal/handler/router.go	56	56	bac31e8f8d82692ca7532b997f2192e34e571f25
app/backend/internal/handler/router.go	87	89	bac31e8f8d82692ca7532b997f2192e34e571f25
app/backend/internal/handler/router.go	90	90	409b9027fc4c00ff3c83c7421505903c7d6bd39d
app/backend/internal/handler/router.go	91	91	bac31e8f8d82692ca7532b997f2192e34e571f25
app/backend/internal/handler/router.go	93	93	bac31e8f8d82692ca7532b997f2192e34e571f25
app/backend/internal/handler/router.go	94	94	65d4a25841e6a197b6195594a0e03c45c6926c9f
app/backend/internal/handler/router.go	95	96	bac31e8f8d82692ca7532b997f2192e34e571f25
app/backend/internal/handler/router.go	97	97	f9648cc09ec0cdc0da2a1122115d1fe2eb408296
app/backend/internal/handler/router.go	98	100	bac31e8f8d82692ca7532b997f2192e34e571f25
app/backend/internal/handler/router.go	101	103	03c85d46451f81897e7cefa056c1838ed91b3d4d
app/backend/internal/handler/router.go	104	104	d23d28107467650bc69ab815eb86204b2eb4bf1e
app/backend/internal/handler/router.go	106	106	409b9027fc4c00ff3c83c7421505903c7d6bd39d
app/backend/internal/model/domain_event.go	1	23	e58b1141f6061abfc1f27509b8eeb54195982748
app/backend/internal/model/domain_event.go	24	24	d23d28107467650bc69ab815eb86204b2eb4bf1e
app/backend/internal/model/domain_event.go	29	38	e58b1141f6061abfc1f27509b8eeb54195982748
app/backend/internal/model/game.go	1	196	e58b1141f6061abfc1f27509b8eeb54195982748
app/backend/internal/model/game.go	197	223	738d79b1bd207c2e923ef5f4ba12433438db85d5
app/backend/internal/model/game.go	224	233	d23d28107467650bc69ab815eb86204b2eb4bf1e
app/backend/internal/model/game.go	242	242	d23d28107467650bc69ab815eb86204b2eb4bf1e
app/backend/internal/model/game.go	265	265	d23d28107467650bc69ab815eb86204b2eb4bf1e
app/backend/internal/model/pet.go	9	30	e58b1141f6061abfc1f27509b8eeb54195982748
app/backend/internal/model/pet.go	37	38	e58b1141f6061abfc1f27509b8eeb54195982748
app/backend/internal/realtime/hub.go	1	18	409b9027fc4c00ff3c83c7421505903c7d6bd39d
app/backend/internal/realtime/hub.go	19	27	187be5d9ddd6bd03b0d1cbf8904ee6e2e1d7ec6d
app/backend/internal/realtime/hub.go	28	41	409b9027fc4c00ff3c83c7421505903c7d6bd39d
app/backend/internal/realtime/hub.go	42	42	187be5d9ddd6bd03b0d1cbf8904ee6e2e1d7ec6d
app/backend/internal/realtime/hub.go	43	102	409b9027fc4c00ff3c83c7421505903c7d6bd39d
app/backend/internal/realtime/hub_test.go	1	72	409b9027fc4c00ff3c83c7421505903c7d6bd39d
app/backend/internal/repository/postgres/game_actions.go	1	106	738d79b1bd207c2e923ef5f4ba12433438db85d5
app/backend/internal/repository/postgres/game_progress.go	1	309	738d79b1bd207c2e923ef5f4ba12433438db85d5
app/backend/internal/repository/postgres/game_repository.go	1	195	738d79b1bd207c2e923ef5f4ba12433438db85d5
app/backend/internal/repository/postgres/game_repository_test.go	1	5	738d79b1bd207c2e923ef5f4ba12433438db85d5
app/backend/internal/repository/postgres/game_repository_test.go	6	7	1b83af6988298cc321e44543a53ec1bd11261ce4
app/backend/internal/repository/postgres/game_repository_test.go	8	89	738d79b1bd207c2e923ef5f4ba12433438db85d5
app/backend/internal/repository/postgres/game_repository_test.go	90	263	1b83af6988298cc321e44543a53ec1bd11261ce4
app/backend/internal/repository/postgres/game_repository_test.go	264	277	d23d28107467650bc69ab815eb86204b2eb4bf1e
app/backend/internal/repository/postgres/game_repository_test.go	278	280	1b83af6988298cc321e44543a53ec1bd11261ce4
app/backend/internal/repository/postgres/game_repository_test.go	319	345	738d79b1bd207c2e923ef5f4ba12433438db85d5
app/backend/internal/repository/postgres/game_rewards.go	1	44	d23d28107467650bc69ab815eb86204b2eb4bf1e
app/backend/internal/repository/postgres/game_rewards.go	46	47	d23d28107467650bc69ab815eb86204b2eb4bf1e
app/backend/internal/repository/postgres/game_rewards.go	50	50	d23d28107467650bc69ab815eb86204b2eb4bf1e
app/backend/internal/repository/postgres/game_rewards.go	55	149	d23d28107467650bc69ab815eb86204b2eb4bf1e
app/backend/internal/repository/postgres/game_tasks.go	1	200	738d79b1bd207c2e923ef5f4ba12433438db85d5
app/backend/internal/repository/postgres/game_tasks.go	201	201	bac31e8f8d82692ca7532b997f2192e34e571f25
app/backend/internal/repository/postgres/game_tasks.go	202	203	738d79b1bd207c2e923ef5f4ba12433438db85d5
app/backend/internal/repository/postgres/game_tasks.go	204	204	bac31e8f8d82692ca7532b997f2192e34e571f25
app/backend/internal/repository/postgres/game_tasks.go	205	229	738d79b1bd207c2e923ef5f4ba12433438db85d5
app/backend/internal/rpc/errors.go	1	95	187be5d9ddd6bd03b0d1cbf8904ee6e2e1d7ec6d
app/backend/internal/transport/grpc/authserver/server.go	1	127	187be5d9ddd6bd03b0d1cbf8904ee6e2e1d7ec6d
app/backend/internal/transport/grpc/gameserver/server.go	1	232	187be5d9ddd6bd03b0d1cbf8904ee6e2e1d7ec6d
app/backend/internal/usecase/game_advice.go	1	112	f9648cc09ec0cdc0da2a1122115d1fe2eb408296
app/backend/internal/usecase/game_contracts.go	1	74	738d79b1bd207c2e923ef5f4ba12433438db85d5
app/backend/internal/usecase/game_contracts.go	75	78	d23d28107467650bc69ab815eb86204b2eb4bf1e
app/backend/internal/usecase/game_contracts.go	90	90	738d79b1bd207c2e923ef5f4ba12433438db85d5
app/backend/internal/usecase/game_errors.go	1	5	738d79b1bd207c2e923ef5f4ba12433438db85d5
app/backend/internal/usecase/game_errors.go	6	7	bac31e8f8d82692ca7532b997f2192e34e571f25
app/backend/internal/usecase/game_errors.go	8	11	738d79b1bd207c2e923ef5f4ba12433438db85d5
app/backend/internal/usecase/game_errors.go	13	15	738d79b1bd207c2e923ef5f4ba12433438db85d5
app/backend/internal/usecase/game_errors.go	16	17	65d4a25841e6a197b6195594a0e03c45c6926c9f
app/backend/internal/usecase/game_errors.go	18	19	738d79b1bd207c2e923ef5f4ba12433438db85d5
app/backend/internal/usecase/game_rules.go	1	63	9feea2be7cc639377dbfc25a2ab0c068a47256f4
app/backend/internal/usecase/game_rules.go	64	68	bac31e8f8d82692ca7532b997f2192e34e571f25
app/backend/internal/usecase/game_rules.go	69	95	9feea2be7cc639377dbfc25a2ab0c068a47256f4
app/backend/internal/usecase/game_rules.go	96	149	03c85d46451f81897e7cefa056c1838ed91b3d4d
app/backend/internal/usecase/game_rules.go	150	151	9feea2be7cc639377dbfc25a2ab0c068a47256f4
app/backend/internal/usecase/game_rules.go	152	152	03c85d46451f81897e7cefa056c1838ed91b3d4d
app/backend/internal/usecase/game_rules.go	153	165	9feea2be7cc639377dbfc25a2ab0c068a47256f4
app/backend/internal/usecase/game_rules.go	166	166	03c85d46451f81897e7cefa056c1838ed91b3d4d
app/backend/internal/usecase/game_rules.go	167	197	9feea2be7cc639377dbfc25a2ab0c068a47256f4
app/backend/internal/usecase/game_rules_test.go	1	31	9feea2be7cc639377dbfc25a2ab0c068a47256f4
app/backend/internal/usecase/game_rules_test.go	32	42	bac31e8f8d82692ca7532b997f2192e34e571f25
app/backend/internal/usecase/game_rules_test.go	43	64	9feea2be7cc639377dbfc25a2ab0c068a47256f4
app/backend/internal/usecase/game_rules_test.go	65	80	03c85d46451f81897e7cefa056c1838ed91b3d4d
app/backend/internal/usecase/game_service.go	1	5	9feea2be7cc639377dbfc25a2ab0c068a47256f4
app/backend/internal/usecase/game_service.go	6	6	03c85d46451f81897e7cefa056c1838ed91b3d4d
app/backend/internal/usecase/game_service.go	7	20	9feea2be7cc639377dbfc25a2ab0c068a47256f4
app/backend/internal/usecase/game_service.go	21	24	f9648cc09ec0cdc0da2a1122115d1fe2eb408296
app/backend/internal/usecase/game_service.go	25	28	d23d28107467650bc69ab815eb86204b2eb4bf1e
app/backend/internal/usecase/game_service.go	29	31	bac31e8f8d82692ca7532b997f2192e34e571f25
app/backend/internal/usecase/game_service.go	32	36	9feea2be7cc639377dbfc25a2ab0c068a47256f4
app/backend/internal/usecase/game_service.go	37	37	f9648cc09ec0cdc0da2a1122115d1fe2eb408296
app/backend/internal/usecase/game_service.go	38	44	9feea2be7cc639377dbfc25a2ab0c068a47256f4
app/backend/internal/usecase/game_service.go	45	45	f9648cc09ec0cdc0da2a1122115d1fe2eb408296
app/backend/internal/usecase/game_service.go	46	48	9feea2be7cc639377dbfc25a2ab0c068a47256f4
app/backend/internal/usecase/game_service.go	49	69	03c85d46451f81897e7cefa056c1838ed91b3d4d
app/backend/internal/usecase/game_service.go	71	76	03c85d46451f81897e7cefa056c1838ed91b3d4d
app/backend/internal/usecase/game_service.go	77	95	9feea2be7cc639377dbfc25a2ab0c068a47256f4
app/backend/internal/usecase/game_service.go	96	117	f9648cc09ec0cdc0da2a1122115d1fe2eb408296
app/backend/internal/usecase/game_service.go	118	124	9feea2be7cc639377dbfc25a2ab0c068a47256f4
app/backend/internal/usecase/game_service.go	125	125	f9648cc09ec0cdc0da2a1122115d1fe2eb408296
app/backend/internal/usecase/game_service.go	126	165	9feea2be7cc639377dbfc25a2ab0c068a47256f4
app/backend/internal/usecase/game_service.go	166	168	d23d28107467650bc69ab815eb86204b2eb4bf1e
app/backend/internal/usecase/game_service.go	169	181	9feea2be7cc639377dbfc25a2ab0c068a47256f4
app/backend/internal/usecase/game_service.go	182	182	03c85d46451f81897e7cefa056c1838ed91b3d4d
app/backend/internal/usecase/game_service.go	183	186	9feea2be7cc639377dbfc25a2ab0c068a47256f4
app/backend/internal/usecase/game_service.go	187	216	65d4a25841e6a197b6195594a0e03c45c6926c9f
app/backend/internal/usecase/game_service.go	217	245	03c85d46451f81897e7cefa056c1838ed91b3d4d
app/backend/internal/usecase/game_service.go	251	297	03c85d46451f81897e7cefa056c1838ed91b3d4d
app/backend/internal/usecase/game_service.go	298	312	d23d28107467650bc69ab815eb86204b2eb4bf1e
app/backend/internal/usecase/game_service.go	313	394	9feea2be7cc639377dbfc25a2ab0c068a47256f4
app/backend/internal/usecase/game_service.go	399	445	9feea2be7cc639377dbfc25a2ab0c068a47256f4
app/backend/internal/usecase/game_service.go	451	563	9feea2be7cc639377dbfc25a2ab0c068a47256f4
app/backend/internal/usecase/game_service.go	564	564	d23d28107467650bc69ab815eb86204b2eb4bf1e
app/backend/internal/usecase/game_service.go	566	566	d23d28107467650bc69ab815eb86204b2eb4bf1e
app/backend/internal/usecase/game_service.go	571	575	d23d28107467650bc69ab815eb86204b2eb4bf1e
app/backend/internal/usecase/game_service.go	584	585	d23d28107467650bc69ab815eb86204b2eb4bf1e
app/backend/internal/usecase/game_service.go	586	664	9feea2be7cc639377dbfc25a2ab0c068a47256f4
app/backend/internal/usecase/game_service.go	665	666	1b83af6988298cc321e44543a53ec1bd11261ce4
app/backend/internal/usecase/game_service.go	667	745	9feea2be7cc639377dbfc25a2ab0c068a47256f4
app/backend/internal/usecase/game_service_test.go	1	5	9feea2be7cc639377dbfc25a2ab0c068a47256f4
app/backend/internal/usecase/game_service_test.go	6	7	f9648cc09ec0cdc0da2a1122115d1fe2eb408296
app/backend/internal/usecase/game_service_test.go	8	43	9feea2be7cc639377dbfc25a2ab0c068a47256f4
app/backend/internal/usecase/game_service_test.go	62	63	9feea2be7cc639377dbfc25a2ab0c068a47256f4
app/backend/internal/usecase/game_service_test.go	64	74	f9648cc09ec0cdc0da2a1122115d1fe2eb408296
app/backend/internal/usecase/game_service_test.go	75	76	9feea2be7cc639377dbfc25a2ab0c068a47256f4
app/backend/internal/usecase/game_service_test.go	77	77	d23d28107467650bc69ab815eb86204b2eb4bf1e
app/backend/internal/usecase/game_service_test.go	78	80	9feea2be7cc639377dbfc25a2ab0c068a47256f4
app/backend/internal/usecase/game_service_test.go	81	83	6098a6a30973f3bc184b082f943a09949fbb1302
app/backend/internal/usecase/game_service_test.go	84	85	9feea2be7cc639377dbfc25a2ab0c068a47256f4
app/backend/internal/usecase/game_service_test.go	86	88	6098a6a30973f3bc184b082f943a09949fbb1302
app/backend/internal/usecase/game_service_test.go	90	94	9feea2be7cc639377dbfc25a2ab0c068a47256f4
app/backend/internal/usecase/game_service_test.go	95	97	d23d28107467650bc69ab815eb86204b2eb4bf1e
app/backend/internal/usecase/game_service_test.go	98	101	9feea2be7cc639377dbfc25a2ab0c068a47256f4
app/backend/internal/usecase/game_service_test.go	102	104	d23d28107467650bc69ab815eb86204b2eb4bf1e
app/backend/internal/usecase/game_service_test.go	105	105	9feea2be7cc639377dbfc25a2ab0c068a47256f4
app/backend/internal/usecase/game_service_test.go	106	108	6098a6a30973f3bc184b082f943a09949fbb1302
app/backend/internal/usecase/game_service_test.go	109	109	d23d28107467650bc69ab815eb86204b2eb4bf1e
app/backend/internal/usecase/game_service_test.go	110	114	6098a6a30973f3bc184b082f943a09949fbb1302
app/backend/internal/usecase/game_service_test.go	115	115	d23d28107467650bc69ab815eb86204b2eb4bf1e
app/backend/internal/usecase/game_service_test.go	116	120	6098a6a30973f3bc184b082f943a09949fbb1302
app/backend/internal/usecase/game_service_test.go	121	121	d23d28107467650bc69ab815eb86204b2eb4bf1e
app/backend/internal/usecase/game_service_test.go	122	123	6098a6a30973f3bc184b082f943a09949fbb1302
app/backend/internal/usecase/game_service_test.go	124	126	9feea2be7cc639377dbfc25a2ab0c068a47256f4
app/backend/internal/usecase/game_service_test.go	127	127	d23d28107467650bc69ab815eb86204b2eb4bf1e
app/backend/internal/usecase/game_service_test.go	128	128	9feea2be7cc639377dbfc25a2ab0c068a47256f4
app/backend/internal/usecase/game_service_test.go	143	145	9feea2be7cc639377dbfc25a2ab0c068a47256f4
app/backend/internal/usecase/game_service_test.go	146	165	d23d28107467650bc69ab815eb86204b2eb4bf1e
app/backend/internal/usecase/game_service_test.go	167	189	d23d28107467650bc69ab815eb86204b2eb4bf1e
app/backend/internal/usecase/game_service_test.go	264	275	9feea2be7cc639377dbfc25a2ab0c068a47256f4
app/backend/internal/usecase/game_service_test.go	276	295	65d4a25841e6a197b6195594a0e03c45c6926c9f
app/backend/internal/usecase/game_service_test.go	296	362	9feea2be7cc639377dbfc25a2ab0c068a47256f4
app/backend/internal/usecase/game_service_test.go	363	414	f9648cc09ec0cdc0da2a1122115d1fe2eb408296
app/backend/internal/usecase/game_service_test.go	415	514	9feea2be7cc639377dbfc25a2ab0c068a47256f4
app/backend/internal/usecase/game_service_test.go	515	551	03c85d46451f81897e7cefa056c1838ed91b3d4d
app/backend/internal/usecase/game_service_test.go	552	587	9feea2be7cc639377dbfc25a2ab0c068a47256f4
app/backend/internal/usecase/game_service_test.go	588	601	03c85d46451f81897e7cefa056c1838ed91b3d4d
app/backend/internal/usecase/game_service_test.go	602	610	9feea2be7cc639377dbfc25a2ab0c068a47256f4
app/backend/internal/usecase/game_service_test.go	620	620	9feea2be7cc639377dbfc25a2ab0c068a47256f4
app/backend/internal/usecase/game_service_test.go	622	627	9feea2be7cc639377dbfc25a2ab0c068a47256f4
app/backend/internal/usecase/game_service_test.go	628	628	1b83af6988298cc321e44543a53ec1bd11261ce4
app/backend/internal/usecase/game_service_test.go	629	667	9feea2be7cc639377dbfc25a2ab0c068a47256f4
app/backend/internal/usecase/game_service_test.go	672	683	d23d28107467650bc69ab815eb86204b2eb4bf1e
app/backend/internal/usecase/game_service_test.go	684	691	9feea2be7cc639377dbfc25a2ab0c068a47256f4
app/backend/internal/usecase/game_service_test.go	692	692	d23d28107467650bc69ab815eb86204b2eb4bf1e
app/backend/internal/usecase/game_service_test.go	694	700	9feea2be7cc639377dbfc25a2ab0c068a47256f4
app/backend/internal/usecase/game_service_test.go	701	701	6098a6a30973f3bc184b082f943a09949fbb1302
app/backend/internal/usecase/game_service_test.go	703	761	6098a6a30973f3bc184b082f943a09949fbb1302
app/backend/internal/usecase/game_service_test.go	764	764	d23d28107467650bc69ab815eb86204b2eb4bf1e
app/backend/internal/usecase/game_service_test.go	765	769	6098a6a30973f3bc184b082f943a09949fbb1302
app/backend/internal/usecase/game_service_test.go	770	770	03c85d46451f81897e7cefa056c1838ed91b3d4d
app/backend/internal/usecase/game_service_test.go	773	782	03c85d46451f81897e7cefa056c1838ed91b3d4d
app/backend/internal/usecase/game_service_test.go	783	783	d23d28107467650bc69ab815eb86204b2eb4bf1e
app/backend/internal/usecase/game_service_test.go	785	786	d23d28107467650bc69ab815eb86204b2eb4bf1e
app/backend/internal/usecase/game_service_test.go	791	795	6098a6a30973f3bc184b082f943a09949fbb1302
app/backend/internal/usecase/game_service_test.go	796	796	d23d28107467650bc69ab815eb86204b2eb4bf1e
app/backend/internal/usecase/game_service_test.go	798	801	6098a6a30973f3bc184b082f943a09949fbb1302
app/backend/internal/usecase/game_service_test.go	828	830	9feea2be7cc639377dbfc25a2ab0c068a47256f4
app/backend/internal/usecase/pet_name.go	1	74	65d4a25841e6a197b6195594a0e03c45c6926c9f
app/backend/internal/usecase/pet_name_test.go	1	45	65d4a25841e6a197b6195594a0e03c45c6926c9f
app/backend/internal/usecase/progression_rules.go	1	27	bac31e8f8d82692ca7532b997f2192e34e571f25
app/backend/migrations/000004_rebuild_avitosha_game.down.sql	1	63	e58b1141f6061abfc1f27509b8eeb54195982748
app/backend/migrations/000004_rebuild_avitosha_game.up.sql	1	283	e58b1141f6061abfc1f27509b8eeb54195982748
app/backend/migrations/000005_create_reward_balances.down.sql	1	2	d23d28107467650bc69ab815eb86204b2eb4bf1e
app/backend/migrations/000005_create_reward_balances.up.sql	1	31	d23d28107467650bc69ab815eb86204b2eb4bf1e
app/backend/migrations/game_migration_test.go	1	46	e58b1141f6061abfc1f27509b8eeb54195982748
app/backend/migrations/reward_balance_migration_test.go	1	37	d23d28107467650bc69ab815eb86204b2eb4bf1e
app/backend/scripts/init-test-db.sh	1	6	f7289e523da7383e87ee22a96fe02b62451a60da
app/backend/scripts/smoke-game.sh	1	45	f7289e523da7383e87ee22a96fe02b62451a60da
app/backend/scripts/smoke-game.sh	46	46	187be5d9ddd6bd03b0d1cbf8904ee6e2e1d7ec6d
app/backend/scripts/smoke-game.sh	47	48	f7289e523da7383e87ee22a96fe02b62451a60da
